Customer_ID,Last_Purchase_Date,Total_Orders,Total_Revenue,Total_Profit,Average_Order_Value,Recency_Days,Customer_Value_Segment
CUST-0001,2025-10-29,8,18776.25,6609.259999999999,2347.03125,64,VIP
CUST-0002,2025-12-04,6,6929.24,2460.8500000000004,1154.8733333333332,28,High Value
CUST-0003,2025-10-22,8,7438.63,2250.57,929.82875,71,High Value
CUST-0004,2025-06-25,5,7108.12,2127.35,1421.624,190,High Value
CUST-0005,2025-04-30,6,9947.300000000001,4135.32,1657.8833333333334,246,VIP
CUST-0006,2024-11-11,5,6816.01,2318.7799999999997,1363.202,416,High Value
CUST-0007,2025-10-12,4,5720.13,1905.8899999999999,1430.0325,81,High Value
CUST-0008,2025-09-10,5,10146.92,3197.97,2029.384,113,VIP
CUST-0009,2025-06-05,5,7059.47,2716.5,1411.894,210,High Value
CUST-0010,2025-11-30,10,11823.79,3097.2799999999997,1182.3790000000001,32,VIP
CUST-0011,2025-04-16,7,5981.67,1667.38,854.5242857142857,260,High Value
CUST-0012,2024-12-20,4,10172.36,2993.33,2543.09,377,VIP
CUST-0013,2025-08-30,8,6385.360000000001,2040.59,798.1700000000001,124,High Value
CUST-0014,2025-12-16,6,9261.28,2998.67,1543.5466666666669,16,VIP
CUST-0015,2025-12-19,3,8189.43,2451.28,2729.81,13,High Value
CUST-0016,2025-09-07,5,2170.02,793.91,434.004,116,Low Value
CUST-0017,2023-12-10,3,6572.41,1884.0700000000002,2190.8033333333333,753,High Value
CUST-0018,2025-12-28,6,6321.1,1879.8799999999999,1053.5166666666667,4,High Value
CUST-0019,2025-11-11,11,23026.68,7132.5599999999995,2093.3345454545456,51,VIP
CUST-0020,2025-11-24,7,5805.08,1883.07,829.2971428571428,38,High Value
CUST-0021,2025-03-24,8,23269.739999999998,5950.56,2908.7174999999997,283,VIP
CUST-0022,2025-08-31,6,13067.51,3274.43,2177.9183333333335,123,VIP
CUST-0023,2025-08-02,8,23489.35,7224.81,2936.16875,152,VIP
CUST-0024,2024-05-11,1,446.65,92.35,446.65,600,Low Value
CUST-0025,2025-09-02,5,5638.389999999999,1767.0,1127.6779999999999,121,High Value
CUST-0026,2024-02-25,2,2693.8199999999997,904.15,1346.9099999999999,676,Low Value
CUST-0027,2025-08-31,8,6296.67,1813.52,787.08375,123,High Value
CUST-0028,2025-08-06,6,4389.280000000001,1109.59,731.5466666666667,148,Medium Value
CUST-0029,2025-12-16,10,3658.64,1146.95,365.864,16,Medium Value
CUST-0030,2025-07-11,5,6281.54,1485.55,1256.308,174,High Value
CUST-0031,2025-04-16,5,10881.990000000002,3045.17,2176.398,260,VIP
CUST-0032,2025-09-24,6,9940.77,3124.82,1656.795,99,VIP
CUST-0033,2025-05-28,5,15075.919999999998,5495.52,3015.1839999999997,218,VIP
CUST-0034,2025-03-11,3,5376.51,2152.01,1792.17,296,Medium Value
CUST-0035,2025-03-29,6,14567.720000000001,5042.75,2427.9533333333334,278,VIP
CUST-0036,2025-06-23,6,2562.43,647.03,427.07166666666666,192,Low Value
CUST-0037,2025-11-16,7,10106.33,3010.96,1443.7614285714285,46,VIP
CUST-0038,2025-05-04,8,22233.53,5756.63,2779.19125,242,VIP
CUST-0039,2025-06-08,5,9589.49,3529.58,1917.898,207,VIP
CUST-0040,2025-11-15,3,1627.88,479.69,542.6266666666667,47,Low Value
CUST-0041,2025-12-22,4,2400.76,676.78,600.19,10,Low Value
CUST-0042,2025-03-11,5,6137.27,1904.65,1227.4540000000002,296,High Value
CUST-0043,2025-08-20,6,2463.78,911.6500000000001,410.63000000000005,134,Low Value
CUST-0044,2024-12-24,2,428.84000000000003,132.92000000000002,214.42000000000002,373,Low Value
CUST-0045,2024-04-15,4,3662.82,1268.54,915.705,626,Medium Value
CUST-0046,2024-10-29,5,3884.5,1034.19,776.9,429,Medium Value
CUST-0047,2025-06-01,2,871.28,348.74,435.64,214,Low Value
CUST-0048,2025-05-24,8,15246.4,4345.34,1905.8,222,VIP
CUST-0049,2024-09-01,6,8494.57,2395.84,1415.7616666666665,487,High Value
CUST-0050,2024-12-28,4,4859.77,1527.9,1214.9425,369,Medium Value
CUST-0051,2025-11-30,8,6734.73,2185.58,841.84125,32,High Value
CUST-0052,2025-12-09,10,19878.1,5668.84,1987.81,23,VIP
CUST-0053,2025-03-01,4,12684.51,4120.49,3171.1275,306,VIP
CUST-0054,2024-03-22,5,6178.68,1678.52,1235.736,650,High Value
CUST-0055,2025-12-03,4,3632.35,1105.77,908.0875,29,Medium Value
CUST-0056,2025-05-28,9,16395.57,6265.56,1821.73,218,VIP
CUST-0057,2025-02-07,6,8057.4800000000005,2918.91,1342.9133333333334,328,High Value
CUST-0058,2025-11-08,3,2705.86,1159.25,901.9533333333334,54,Low Value
CUST-0059,2025-12-13,8,3765.89,1068.94,470.73625,19,Medium Value
CUST-0060,2024-07-04,3,5528.5599999999995,1295.5800000000002,1842.8533333333332,546,High Value
CUST-0061,2024-04-02,3,1461.23,372.53,487.07666666666665,639,Low Value
CUST-0062,2025-02-14,6,6904.780000000001,1466.56,1150.7966666666669,321,High Value
CUST-0063,2025-09-29,3,5337.78,1922.4299999999998,1779.26,94,Medium Value
CUST-0064,2025-09-01,2,6511.200000000001,1783.68,3255.6000000000004,122,High Value
CUST-0065,2025-05-04,3,8348.57,2508.98,2782.8566666666666,242,High Value
CUST-0066,2025-12-03,5,4796.56,1381.8,959.3120000000001,29,Medium Value
CUST-0067,2025-10-11,3,1371.06,482.76,457.02,82,Low Value
CUST-0068,2025-04-29,4,2043.18,626.0699999999999,510.795,247,Low Value
CUST-0069,2025-06-16,7,6521.87,2470.5600000000004,931.6957142857143,199,High Value
CUST-0070,2025-03-02,5,6825.07,2233.21,1365.014,305,High Value
CUST-0071,2023-08-02,2,10391.79,2450.27,5195.895,883,VIP
CUST-0072,2025-12-26,6,3259.4100000000003,1177.54,543.235,6,Medium Value
CUST-0073,2025-04-26,6,4067.04,1095.65,677.84,250,Medium Value
CUST-0074,2024-09-28,5,4437.360000000001,1143.39,887.4720000000001,460,Medium Value
CUST-0075,2025-12-12,4,3876.85,1047.73,969.2125,20,Medium Value
CUST-0076,2025-11-22,3,2010.03,599.79,670.01,40,Low Value
CUST-0077,2025-12-17,12,11934.570000000002,3411.02,994.5475000000001,15,VIP
CUST-0078,2025-08-09,6,5126.83,1530.44,854.4716666666667,145,Medium Value
CUST-0079,2025-01-10,3,3124.22,1171.54,1041.4066666666665,356,Medium Value
CUST-0080,2025-11-24,2,769.77,304.53999999999996,384.885,38,Low Value
CUST-0081,2025-12-18,4,9161.8,2454.03,2290.45,14,VIP
CUST-0082,2025-12-16,5,7639.16,1566.13,1527.8319999999999,16,High Value
CUST-0083,2025-09-08,7,11138.32,4077.64,1591.1885714285713,115,VIP
CUST-0085,2024-11-15,2,2160.68,851.62,1080.34,412,Low Value
CUST-0086,2025-11-19,5,2968.4900000000002,751.8100000000001,593.6980000000001,43,Medium Value
CUST-0087,2025-09-17,7,16215.869999999999,5689.79,2316.552857142857,106,VIP
CUST-0088,2025-05-26,5,3011.98,912.46,602.396,220,Medium Value
CUST-0089,2025-01-11,5,2246.7799999999997,734.39,449.35599999999994,355,Low Value
CUST-0090,2024-11-28,9,7018.37,2381.82,779.8188888888889,399,High Value
CUST-0091,2025-07-19,3,4637.76,1672.7199999999998,1545.92,166,Medium Value
CUST-0092,2023-12-29,4,1457.99,546.19,364.4975,734,Low Value
CUST-0093,2025-09-05,8,8509.7,2021.06,1063.7125,118,High Value
CUST-0094,2025-03-23,4,2786.75,1088.21,696.6875,284,Low Value
CUST-0095,2025-02-24,5,5434.389999999999,1552.01,1086.878,311,High Value
CUST-0096,2025-12-25,3,4868.08,1654.99,1622.6933333333334,7,Medium Value
CUST-0097,2025-08-12,4,5238.0599999999995,1238.71,1309.5149999999999,142,Medium Value
CUST-0098,2025-12-27,10,16370.369999999999,5457.05,1637.0369999999998,5,VIP
CUST-0099,2024-11-30,5,548.22,196.73000000000002,109.644,397,Low Value
CUST-0100,2025-09-16,8,11101.189999999999,3259.44,1387.6487499999998,107,VIP
CUST-0101,2025-07-14,10,11202.38,4258.3,1120.2379999999998,171,VIP
CUST-0102,2025-05-15,3,9140.369999999999,2110.64,3046.7899999999995,231,VIP
CUST-0103,2025-04-25,4,5184.41,1803.01,1296.1025,251,Medium Value
CUST-0104,2025-10-21,5,13726.46,4408.99,2745.292,72,VIP
CUST-0105,2024-07-11,3,4949.83,1239.3,1649.9433333333334,539,Medium Value
CUST-0106,2025-12-25,3,5239.179999999999,1054.81,1746.3933333333332,7,Medium Value
CUST-0107,2024-07-20,5,8401.630000000001,2789.54,1680.3260000000002,530,High Value
CUST-0108,2025-04-10,6,11813.3,3449.36,1968.8833333333332,266,VIP
CUST-0109,2025-01-12,7,4196.370000000001,1627.5,599.4814285714286,354,Medium Value
CUST-0110,2025-10-13,4,8117.73,2440.2599999999998,2029.4325,80,High Value
CUST-0111,2024-10-07,6,3108.85,1221.54,518.1416666666667,451,Medium Value
CUST-0112,2024-12-23,3,9124.619999999999,2675.79,3041.5399999999995,374,VIP
CUST-0113,2025-05-13,7,5563.29,1742.45,794.7557142857142,233,High Value
CUST-0114,2025-09-09,5,5552.55,1521.23,1110.51,114,High Value
CUST-0115,2025-12-22,10,10513.56,3180.65,1051.356,10,VIP
CUST-0116,2024-06-21,5,3897.12,955.6700000000001,779.424,559,Medium Value
CUST-0117,2025-12-29,8,4435.5,1486.56,554.4375,3,Medium Value
CUST-0118,2025-03-01,7,11018.32,4238.61,1574.0457142857142,306,VIP
CUST-0119,2025-10-01,4,4919.45,1920.0900000000001,1229.8625,92,Medium Value
CUST-0120,2024-11-02,2,647.8199999999999,231.06,323.90999999999997,425,Low Value
CUST-0121,2025-10-23,2,567.31,134.05,283.655,70,Low Value
CUST-0122,2023-11-07,3,2738.87,916.02,912.9566666666666,786,Low Value
CUST-0123,2025-11-22,3,1950.69,621.89,650.23,40,Low Value
CUST-0124,2025-07-08,1,96.14,19.48,96.14,177,Low Value
CUST-0125,2023-05-30,1,436.45,132.46,436.45,947,Low Value
CUST-0126,2025-11-10,6,7913.06,2881.02,1318.8433333333335,52,High Value
CUST-0127,2025-01-02,3,4283.18,1528.25,1427.7266666666667,364,Medium Value
CUST-0128,2025-09-15,4,7151.03,2129.25,1787.7575,108,High Value
CUST-0129,2024-09-09,2,2961.52,1012.64,1480.76,479,Medium Value
CUST-0130,2025-08-25,8,3827.51,1301.34,478.43875,129,Medium Value
CUST-0131,2025-03-15,3,4655.280000000001,1666.78,1551.7600000000002,292,Medium Value
CUST-0132,2025-12-07,5,9321.53,2112.43,1864.306,25,VIP
CUST-0133,2023-09-21,1,3569.35,1150.45,3569.35,833,Medium Value
CUST-0134,2025-11-05,3,4976.45,1581.96,1658.8166666666666,57,Medium Value
CUST-0135,2025-07-28,3,2244.19,575.6800000000001,748.0633333333334,157,Low Value
CUST-0136,2025-04-01,3,4564.68,1673.6999999999998,1521.5600000000002,275,Medium Value
CUST-0137,2025-04-13,3,830.64,196.63,276.88,263,Low Value
CUST-0138,2025-03-19,4,1196.33,354.08,299.0825,288,Low Value
CUST-0139,2024-05-23,5,1861.25,621.88,372.25,588,Low Value
CUST-0140,2024-12-30,8,12610.929999999998,4087.1000000000004,1576.3662499999998,367,VIP
CUST-0141,2025-02-11,5,3245.69,877.98,649.138,324,Medium Value
CUST-0142,2024-12-22,5,7193.16,2623.95,1438.632,375,High Value
CUST-0143,2025-04-09,4,4108.79,1000.13,1027.1975,267,Medium Value
CUST-0144,2025-09-18,2,545.96,184.74,272.98,105,Low Value
CUST-0145,2025-10-06,4,5364.08,1105.38,1341.02,87,Medium Value
CUST-0146,2024-05-30,6,3835.84,1155.89,639.3066666666667,581,Medium Value
CUST-0147,2025-12-12,5,4897.69,1835.1600000000003,979.5379999999999,20,Medium Value
CUST-0148,2025-08-27,9,4387.509999999999,1186.56,487.501111111111,127,Medium Value
CUST-0149,2025-05-01,6,5373.98,1594.37,895.6633333333333,245,Medium Value
CUST-0150,2025-11-12,8,5886.240000000001,1571.46,735.7800000000001,50,High Value
CUST-0151,2025-11-11,8,2459.41,930.75,307.42625,51,Low Value
CUST-0152,2025-04-14,6,7810.37,2833.92,1301.7283333333332,262,High Value
CUST-0153,2025-07-05,2,818.3100000000001,304.39,409.15500000000003,180,Low Value
CUST-0154,2025-06-21,5,5411.139999999999,1958.0500000000002,1082.2279999999998,194,Medium Value
CUST-0155,2025-02-22,6,6206.82,2105.4,1034.47,313,High Value
CUST-0156,2025-06-05,6,4189.7,1713.3300000000002,698.2833333333333,210,Medium Value
CUST-0157,2025-03-16,4,15964.720000000001,5358.51,3991.1800000000003,291,VIP
CUST-0158,2024-07-22,4,3835.7599999999998,1351.45,958.9399999999999,528,Medium Value
CUST-0159,2025-08-17,6,8603.42,2230.82,1433.9033333333334,137,High Value
CUST-0160,2025-09-27,4,4799.96,1375.06,1199.99,96,Medium Value
CUST-0161,2025-11-19,6,8401.470000000001,2739.7100000000005,1400.2450000000001,43,High Value
CUST-0162,2024-10-20,5,8118.1900000000005,2407.06,1623.6380000000001,438,High Value
CUST-0163,2025-01-07,4,2937.81,863.53,734.4525,359,Medium Value
CUST-0164,2025-07-18,3,1854.12,705.1899999999999,618.04,167,Low Value
CUST-0165,2025-11-13,5,4419.24,935.28,883.848,49,Medium Value
CUST-0166,2023-10-20,1,182.85,44.67,182.85,804,Low Value
CUST-0167,2024-10-03,6,5524.93,1894.5600000000002,920.8216666666667,455,High Value
CUST-0168,2024-05-22,3,1204.73,471.73,401.57666666666665,589,Low Value
CUST-0169,2025-09-03,3,2532.72,759.86,844.2399999999999,120,Low Value
CUST-0170,2023-12-06,4,9231.71,3056.2799999999997,2307.9275,757,VIP
CUST-0171,2025-08-20,8,9337.91,3198.07,1167.23875,134,VIP
CUST-0172,2024-11-15,4,2751.67,699.76,687.9175,412,Low Value
CUST-0173,2025-12-28,5,5662.73,1613.93,1132.5459999999998,4,High Value
CUST-0174,2024-08-22,2,7949.16,2189.9300000000003,3974.58,497,High Value
CUST-0175,2025-12-25,9,12014.24,3982.32,1334.9155555555556,7,VIP
CUST-0176,2025-05-10,1,4436.76,1520.54,4436.76,236,Medium Value
CUST-0178,2025-12-26,5,11746.41,3730.6000000000004,2349.282,6,VIP
CUST-0179,2025-12-19,7,8591.89,2396.84,1227.412857142857,13,High Value
CUST-0180,2024-03-13,3,3426.21,973.69,1142.07,659,Medium Value
CUST-0181,2025-12-10,7,9786.28,3092.02,1398.0400000000002,22,VIP
CUST-0182,2025-09-14,5,2257.85,759.41,451.57,109,Low Value
CUST-0183,2025-03-19,5,6064.139999999999,2487.8900000000003,1212.828,288,High Value
CUST-0184,2025-10-22,5,5375.87,1178.3300000000002,1075.174,71,Medium Value
CUST-0185,2025-07-03,6,4655.99,1637.5400000000002,775.9983333333333,182,Medium Value
CUST-0186,2025-06-22,10,15125.26,5174.9,1512.526,193,VIP
CUST-0187,2025-12-22,5,1722.69,492.47,344.538,10,Low Value
CUST-0188,2025-01-04,3,2619.48,727.9200000000001,873.16,362,Low Value
CUST-0189,2025-10-30,6,8844.99,2407.37,1474.165,63,High Value
CUST-0190,2025-08-07,4,2529.8999999999996,958.5699999999999,632.4749999999999,147,Low Value
CUST-0191,2025-06-17,2,304.27,125.95,152.135,198,Low Value
CUST-0192,2024-10-05,6,7915.23,2784.6400000000003,1319.205,453,High Value
CUST-0193,2025-08-10,3,5185.92,2129.3,1728.64,144,Medium Value
CUST-0194,2025-08-24,4,2510.03,667.38,627.5075,130,Low Value
CUST-0195,2024-04-08,3,2360.13,877.49,786.71,633,Low Value
CUST-0196,2025-05-04,5,7992.96,3209.01,1598.592,242,High Value
CUST-0197,2025-09-23,5,7824.0,2766.1499999999996,1564.8,100,High Value
CUST-0198,2025-12-03,9,6507.79,2011.98,723.0877777777778,29,High Value
CUST-0199,2024-12-15,5,5677.870000000001,1849.57,1135.574,382,High Value
CUST-0200,2025-06-02,5,8078.78,2184.87,1615.7559999999999,213,High Value
CUST-0201,2025-09-09,6,5060.58,1858.1799999999998,843.43,114,Medium Value
CUST-0202,2025-12-24,10,9036.23,2404.74,903.6229999999999,8,VIP
CUST-0203,2025-07-30,4,2254.9700000000003,758.8299999999999,563.7425000000001,155,Low Value
CUST-0204,2025-10-05,7,20329.329999999998,7958.41,2904.1899999999996,88,VIP
CUST-0205,2025-12-10,2,3906.33,749.11,1953.165,22,Medium Value
CUST-0206,2025-04-29,3,818.03,253.8,272.6766666666667,247,Low Value
CUST-0207,2025-07-24,4,5212.490000000001,1954.1899999999998,1303.1225000000002,161,Medium Value
CUST-0208,2024-06-11,5,1688.8100000000002,588.96,337.76200000000006,569,Low Value
CUST-0209,2025-12-25,9,6593.88,2500.26,732.6533333333333,7,High Value
CUST-0210,2025-08-08,1,342.76,135.21,342.76,146,Low Value
CUST-0211,2025-05-13,8,13974.43,4242.5,1746.80375,233,VIP
CUST-0212,2025-12-03,6,1714.34,706.13,285.7233333333333,29,Low Value
CUST-0213,2025-02-04,2,2737.26,736.63,1368.63,331,Low Value
CUST-0214,2025-05-29,5,4433.01,1248.06,886.6020000000001,217,Medium Value
CUST-0215,2025-01-02,7,11306.960000000001,3312.8900000000003,1615.2800000000002,364,VIP
CUST-0216,2025-08-05,8,3522.9700000000003,999.3599999999999,440.37125000000003,149,Medium Value
CUST-0217,2025-11-15,5,2268.87,660.46,453.774,47,Low Value
CUST-0218,2025-10-01,5,10759.66,3184.91,2151.932,92,VIP
CUST-0219,2025-12-19,7,2887.6,962.6600000000001,412.5142857142857,13,Low Value
CUST-0220,2025-10-27,10,14480.3,3546.81,1448.03,66,VIP
CUST-0221,2025-09-21,5,3598.13,912.2199999999999,719.626,102,Medium Value
CUST-0222,2025-06-15,5,9101.67,2205.7200000000003,1820.334,200,VIP
CUST-0223,2025-09-16,6,4713.12,1497.9299999999998,785.52,107,Medium Value
CUST-0224,2023-12-27,3,2631.76,780.0899999999999,877.2533333333334,736,Low Value
CUST-0225,2025-08-24,4,3784.21,1434.27,946.0525,130,Medium Value
CUST-0226,2025-04-15,6,4844.75,1396.12,807.4583333333334,261,Medium Value
CUST-0227,2025-11-27,8,16464.95,4956.62,2058.11875,35,VIP
CUST-0228,2025-06-27,7,11781.710000000001,3562.09,1683.1014285714286,188,VIP
CUST-0229,2025-12-07,4,1401.29,511.46999999999997,350.3225,25,Low Value
CUST-0230,2025-04-10,7,2774.72,791.66,396.3885714285714,266,Low Value
CUST-0231,2025-03-06,3,2772.6800000000003,1112.3,924.2266666666668,301,Low Value
CUST-0232,2025-07-20,2,522.9200000000001,183.95,261.46000000000004,165,Low Value
CUST-0233,2025-09-16,4,8367.15,2809.84,2091.7875,107,High Value
CUST-0234,2025-10-31,6,4727.53,1240.31,787.9216666666666,62,Medium Value
CUST-0235,2025-08-30,5,7546.860000000001,3087.7300000000005,1509.372,124,High Value
CUST-0236,2025-10-10,4,2899.4,1055.0,724.85,83,Low Value
CUST-0237,2025-10-09,5,5230.77,2007.92,1046.154,84,Medium Value
CUST-0238,2025-09-14,9,16302.369999999999,4281.39,1811.3744444444444,109,VIP
CUST-0239,2025-11-02,6,6777.07,1563.9499999999998,1129.5116666666665,60,High Value
CUST-0240,2025-10-13,8,10383.83,3442.1800000000003,1297.97875,80,VIP
CUST-0241,2025-12-15,5,3891.0299999999997,1093.79,778.2059999999999,17,Medium Value
CUST-0242,2025-12-10,7,6896.89,1846.78,985.2700000000001,22,High Value
CUST-0243,2025-02-20,2,3372.06,1362.61,1686.03,315,Medium Value
CUST-0244,2025-07-15,3,8953.07,2306.42,2984.3566666666666,170,VIP
CUST-0245,2025-10-12,3,7819.4,2799.11,2606.4666666666667,81,High Value
CUST-0246,2025-12-17,6,5786.88,1847.0,964.48,15,High Value
CUST-0247,2023-08-07,1,625.74,240.46,625.74,878,Low Value
CUST-0248,2025-12-21,6,10806.380000000001,3049.36,1801.0633333333335,11,VIP
CUST-0249,2025-12-31,8,6668.860000000001,2166.19,833.6075000000001,1,High Value
CUST-0250,2025-07-08,2,2741.26,893.7900000000001,1370.63,177,Low Value
CUST-0251,2025-12-29,7,10215.58,3407.4700000000003,1459.3685714285714,3,VIP
CUST-0252,2025-01-08,3,3773.73,967.41,1257.91,358,Medium Value
CUST-0253,2024-09-15,3,12963.42,3470.75,4321.14,473,VIP
CUST-0254,2025-09-22,6,16193.96,6665.43,2698.9933333333333,101,VIP
CUST-0255,2024-12-05,4,1035.1100000000001,401.76,258.77750000000003,392,Low Value
CUST-0256,2025-10-03,7,24179.65,8154.95,3454.2357142857145,90,VIP
CUST-0257,2024-07-23,1,500.58,92.27,500.58,527,Low Value
CUST-0258,2024-08-04,3,3559.48,769.5799999999999,1186.4933333333333,515,Medium Value
CUST-0259,2025-08-05,3,7312.5,2462.42,2437.5,149,High Value
CUST-0260,2025-12-04,5,4818.57,1527.2,963.7139999999999,28,Medium Value
CUST-0261,2025-02-26,8,5604.57,1190.88,700.57125,309,High Value
CUST-0262,2024-12-28,2,805.0500000000001,257.11,402.52500000000003,369,Low Value
CUST-0263,2025-07-14,8,9650.56,2669.1800000000003,1206.32,171,VIP
CUST-0264,2025-04-04,6,4108.38,1504.8700000000001,684.73,272,Medium Value
CUST-0265,2025-06-29,4,7726.5199999999995,2465.06,1931.6299999999999,186,High Value
CUST-0266,2025-08-30,11,21908.62,6166.77,1991.692727272727,124,VIP
CUST-0267,2025-05-16,4,8920.31,3297.86,2230.0775,230,VIP
CUST-0268,2025-10-26,7,3770.3199999999997,979.92,538.6171428571428,67,Medium Value
CUST-0269,2025-12-27,4,2504.08,662.82,626.02,5,Low Value
CUST-0270,2025-11-18,9,3383.33,1221.33,375.92555555555555,44,Medium Value
CUST-0271,2025-12-28,5,4289.08,1497.9199999999998,857.816,4,Medium Value
CUST-0272,2025-12-25,5,1901.15,669.11,380.23,7,Low Value
CUST-0273,2025-12-03,6,6667.13,2121.59,1111.1883333333333,29,High Value
CUST-0274,2025-12-10,4,7488.8,1694.1599999999999,1872.2,22,High Value
CUST-0275,2025-12-11,5,11142.88,2682.5099999999998,2228.576,21,VIP
CUST-0276,2024-10-26,5,9648.3,3990.34,1929.6599999999999,432,VIP
CUST-0277,2024-11-04,6,11202.56,4707.25,1867.0933333333332,423,VIP
CUST-0278,2025-08-01,6,8476.06,2222.1800000000003,1412.6766666666665,153,High Value
CUST-0279,2025-06-02,6,2169.51,718.93,361.58500000000004,213,Low Value
CUST-0280,2023-04-27,2,140.38,31.95,70.19,980,Low Value
CUST-0281,2025-09-26,6,6684.05,2061.08,1114.0083333333334,97,High Value
CUST-0282,2024-10-12,3,2132.6,720.63,710.8666666666667,446,Low Value
CUST-0283,2025-08-14,7,9711.93,3165.18,1387.4185714285716,140,VIP
CUST-0284,2025-12-06,10,12683.5,3713.2499999999995,1268.35,26,VIP
CUST-0285,2025-12-04,7,9226.58,3095.9,1318.0828571428572,28,VIP
CUST-0286,2025-05-14,4,3437.1499999999996,1084.94,859.2874999999999,232,Medium Value
CUST-0287,2025-05-10,3,7478.96,2500.01,2492.9866666666667,236,High Value
CUST-0288,2025-12-17,3,3472.33,815.6899999999999,1157.4433333333334,15,Medium Value
CUST-0289,2024-12-21,5,10086.08,3487.1,2017.216,376,VIP
CUST-0290,2025-01-28,4,927.89,238.22,231.9725,338,Low Value
CUST-0291,2025-03-15,4,3493.9400000000005,1302.06,873.4850000000001,292,Medium Value
CUST-0292,2025-07-12,7,6284.58,1849.76,897.7971428571428,173,High Value
CUST-0293,2025-10-19,5,4004.7,1252.5,800.9399999999999,74,Medium Value
CUST-0294,2025-04-14,3,2158.12,661.69,719.3733333333333,262,Low Value
CUST-0295,2025-10-14,6,12903.41,3154.4799999999996,2150.568333333333,79,VIP
CUST-0296,2025-05-22,9,17534.260000000002,4787.12,1948.2511111111114,224,VIP
CUST-0297,2024-09-21,1,592.67,225.2,592.67,467,Low Value
CUST-0298,2023-01-31,1,746.18,186.01,746.18,1066,Low Value
CUST-0299,2025-12-10,7,1468.46,445.84999999999997,209.78,22,Low Value
CUST-0300,2025-09-02,3,4102.08,1598.76,1367.36,121,Medium Value
CUST-0301,2025-12-29,6,2530.7799999999997,681.79,421.7966666666666,3,Low Value
CUST-0302,2024-07-13,2,260.2,98.15,130.1,537,Low Value
CUST-0303,2025-10-23,6,5144.68,1768.02,857.4466666666667,70,Medium Value
CUST-0304,2025-11-18,6,7682.8099999999995,2957.5499999999997,1280.4683333333332,44,High Value
CUST-0305,2024-12-28,5,6742.59,1483.02,1348.518,369,High Value
CUST-0306,2025-04-16,4,2062.94,730.99,515.735,260,Low Value
CUST-0307,2025-11-19,4,9254.18,3198.4700000000003,2313.545,43,VIP
CUST-0308,2024-11-21,4,5375.39,1950.82,1343.8475,406,Medium Value
CUST-0309,2024-04-25,2,549.38,146.32,274.69,616,Low Value
CUST-0310,2025-11-09,7,9284.970000000001,3132.92,1326.4242857142858,53,VIP
CUST-0311,2025-10-08,3,4083.37,1008.3699999999999,1361.1233333333332,85,Medium Value
CUST-0312,2025-06-01,6,6991.09,2798.58,1165.1816666666666,214,High Value
CUST-0313,2025-09-02,4,5708.07,1687.0900000000001,1427.0175,121,High Value
CUST-0314,2023-08-21,1,185.83,47.16,185.83,864,Low Value
CUST-0315,2025-11-30,4,1328.42,465.66,332.105,32,Low Value
CUST-0316,2025-06-03,8,3075.81,1121.18,384.47625,212,Medium Value
CUST-0317,2024-08-13,6,6793.139999999999,1974.7099999999998,1132.1899999999998,506,High Value
CUST-0318,2025-03-19,6,4077.4300000000003,1587.27,679.5716666666667,288,Medium Value
CUST-0319,2025-12-18,2,2967.75,878.0,1483.875,14,Medium Value
CUST-0320,2025-07-06,4,10124.86,2732.34,2531.215,179,VIP
CUST-0321,2025-10-28,4,5601.879999999999,1886.1100000000001,1400.4699999999998,65,High Value
CUST-0322,2025-09-01,5,11592.21,2278.27,2318.442,122,VIP
CUST-0323,2025-07-10,5,3146.4799999999996,1251.14,629.2959999999999,175,Medium Value
CUST-0324,2025-12-21,4,10269.73,2496.02,2567.4325,11,VIP
CUST-0325,2025-05-26,4,1720.3799999999999,445.88,430.09499999999997,220,Low Value
CUST-0326,2025-09-21,7,9551.93,3402.37,1364.5614285714287,102,VIP
CUST-0327,2025-12-29,7,9440.07,3179.14,1348.5814285714284,3,VIP
CUST-0328,2025-04-12,6,5016.969999999999,1439.51,836.1616666666665,264,Medium Value
CUST-0329,2025-12-23,7,12170.48,3712.18,1738.6399999999999,9,VIP
CUST-0330,2025-12-23,8,15312.4,5355.1,1914.05,9,VIP
CUST-0331,2025-08-01,7,13720.95,3809.23,1960.1357142857144,153,VIP
CUST-0332,2025-04-10,4,2450.51,800.22,612.6275,266,Low Value
CUST-0333,2025-05-18,6,1244.69,430.66,207.44833333333335,228,Low Value
CUST-0334,2025-05-01,7,4077.5,1273.84,582.5,245,Medium Value
CUST-0335,2024-09-28,6,6662.68,2409.09,1110.4466666666667,460,High Value
CUST-0336,2025-12-27,7,17299.04,5744.68,2471.2914285714287,5,VIP
CUST-0337,2025-03-20,5,983.93,306.71,196.786,287,Low Value
CUST-0338,2025-04-10,7,9408.83,2985.54,1344.1185714285714,266,VIP
CUST-0339,2025-04-18,5,13233.42,5248.48,2646.684,258,VIP
CUST-0340,2025-05-14,8,6173.72,1498.0,771.715,232,High Value
CUST-0341,2024-03-27,4,8291.73,2794.84,2072.9325,645,High Value
CUST-0342,2025-09-29,10,24385.42,7942.09,2438.542,94,VIP
CUST-0343,2025-12-14,6,11430.77,2790.63,1905.1283333333333,18,VIP
CUST-0344,2025-03-31,9,23502.03,7618.849999999999,2611.3366666666666,276,VIP
CUST-0345,2025-11-10,7,4245.63,1434.8200000000002,606.5185714285715,52,Medium Value
CUST-0346,2024-11-29,6,15504.38,5138.639999999999,2584.063333333333,398,VIP
CUST-0347,2025-04-09,6,18463.57,6034.860000000001,3077.2616666666668,267,VIP
CUST-0348,2025-02-14,4,3928.1800000000003,1106.01,982.0450000000001,321,Medium Value
CUST-0349,2025-09-01,7,7761.62,2369.4900000000002,1108.8028571428572,122,High Value
CUST-0350,2024-03-30,3,1819.46,631.87,606.4866666666667,642,Low Value
CUST-0351,2025-06-10,4,2731.92,948.72,682.98,205,Low Value
CUST-0352,2025-12-11,3,2574.39,883.85,858.13,21,Low Value
CUST-0353,2024-06-07,1,353.86,81.21,353.86,573,Low Value
CUST-0354,2025-06-06,8,4111.07,1569.82,513.88375,209,Medium Value
CUST-0355,2025-09-25,5,6942.54,2105.59,1388.508,98,High Value
CUST-0356,2025-11-26,6,5266.08,1563.6399999999999,877.68,36,Medium Value
CUST-0357,2025-07-16,7,6138.74,2179.17,876.9628571428572,169,High Value
CUST-0358,2025-10-29,6,7033.86,2183.52,1172.31,64,High Value
CUST-0359,2024-12-21,2,3951.7999999999997,1043.93,1975.8999999999999,376,Medium Value
CUST-0360,2025-12-19,2,382.94,145.15,191.47,13,Low Value
CUST-0361,2023-07-01,2,3160.91,845.92,1580.455,915,Medium Value
CUST-0362,2025-12-21,6,2962.62,845.3900000000001,493.77,11,Medium Value
CUST-0363,2025-12-11,6,2424.92,650.23,404.15333333333336,21,Low Value
CUST-0364,2025-08-07,5,5260.42,1738.91,1052.084,147,Medium Value
CUST-0365,2025-10-27,2,2687.26,804.1400000000001,1343.63,66,Low Value
CUST-0366,2025-07-21,5,4696.81,1090.1200000000001,939.3620000000001,164,Medium Value
CUST-0367,2025-11-20,5,11539.470000000001,2603.66,2307.8940000000002,42,VIP
CUST-0368,2025-12-06,6,5719.570000000001,1650.21,953.2616666666668,26,High Value
CUST-0369,2025-08-15,6,4582.65,1185.3,763.775,139,Medium Value
CUST-0371,2025-07-13,4,2329.3100000000004,915.57,582.3275000000001,172,Low Value
CUST-0372,2025-11-04,7,12068.01,4603.37,1724.0014285714285,58,VIP
CUST-0373,2025-12-27,4,7210.04,2633.66,1802.51,5,High Value
CUST-0374,2023-01-10,1,307.04,91.09,307.04,1087,Low Value
CUST-0375,2024-12-03,2,2852.9,690.14,1426.45,394,Low Value
CUST-0376,2025-10-29,8,8400.3,2911.53,1050.0375,64,High Value
CUST-0377,2025-07-31,7,12094.039999999999,3554.0499999999997,1727.7199999999998,154,VIP
CUST-0378,2025-05-28,5,12020.0,3440.37,2404.0,218,VIP
CUST-0379,2024-08-30,2,1223.92,379.99,611.96,489,Low Value
CUST-0380,2024-10-25,5,8241.23,2408.3,1648.2459999999999,433,High Value
CUST-0381,2025-03-07,5,2988.34,892.93,597.668,300,Medium Value
CUST-0382,2025-12-25,10,12980.1,4265.3,1298.01,7,VIP
CUST-0383,2025-09-07,5,9589.33,3011.86,1917.866,116,VIP
CUST-0384,2025-03-31,5,1722.47,685.66,344.494,276,Low Value
CUST-0385,2024-12-07,6,17245.559999999998,6136.1900000000005,2874.2599999999998,390,VIP
CUST-0386,2025-08-13,5,2069.6,671.0699999999999,413.91999999999996,141,Low Value
CUST-0387,2025-11-14,7,4242.67,1223.52,606.0957142857143,48,Medium Value
CUST-0388,2025-08-16,7,12731.19,3666.42,1818.7414285714287,138,VIP
CUST-0389,2025-11-23,5,3256.4300000000003,890.8299999999999,651.2860000000001,39,Medium Value
CUST-0390,2024-07-19,2,2518.42,742.98,1259.21,531,Low Value
CUST-0391,2025-12-06,7,9632.68,2928.12,1376.097142857143,26,VIP
CUST-0392,2025-11-06,3,188.35000000000002,73.44999999999999,62.78333333333334,56,Low Value
CUST-0393,2025-10-21,5,2634.05,936.3299999999999,526.8100000000001,72,Low Value
CUST-0394,2025-09-20,2,4329.05,1847.75,2164.525,103,Medium Value
CUST-0395,2025-11-28,5,3312.0,956.84,662.4,34,Medium Value
CUST-0396,2025-12-11,6,15582.67,5083.8099999999995,2597.1116666666667,21,VIP
CUST-0397,2025-06-16,8,7164.46,2420.1,895.5575,199,High Value
CUST-0398,2025-11-04,5,5544.969999999999,1972.8799999999999,1108.994,58,High Value
CUST-0399,2025-06-27,6,4664.1900000000005,1533.22,777.3650000000001,188,Medium Value
CUST-0400,2025-04-16,7,13202.68,4100.99,1886.097142857143,260,VIP
CUST-0401,2025-10-16,6,8011.05,3062.7400000000002,1335.175,77,High Value
CUST-0402,2024-09-03,4,5235.0199999999995,1387.49,1308.7549999999999,485,Medium Value
CUST-0403,2025-11-21,7,3397.02,1224.44,485.2885714285714,41,Medium Value
CUST-0404,2025-01-07,6,8000.61,2045.34,1333.435,359,High Value
CUST-0405,2025-04-19,7,4960.610000000001,1309.44,708.6585714285715,257,Medium Value
CUST-0406,2025-11-04,3,1479.91,393.25,493.30333333333334,58,Low Value
CUST-0407,2025-12-04,6,8880.22,2251.2799999999997,1480.0366666666666,28,VIP
CUST-0408,2024-06-07,2,676.31,216.96,338.155,573,Low Value
CUST-0409,2025-10-27,5,3871.5299999999997,1527.0500000000002,774.3059999999999,66,Medium Value
CUST-0410,2025-03-17,5,2404.76,825.52,480.95200000000006,290,Low Value
CUST-0411,2025-10-14,7,2855.2599999999998,920.31,407.8942857142857,79,Low Value
CUST-0412,2024-04-15,5,8106.5199999999995,2621.68,1621.3039999999999,626,High Value
CUST-0413,2025-11-03,6,1962.6799999999998,578.4,327.1133333333333,59,Low Value
CUST-0414,2023-07-29,1,418.08,99.94,418.08,887,Low Value
CUST-0415,2025-11-19,9,7923.139999999999,2412.6,880.3488888888888,43,High Value
CUST-0416,2025-12-31,7,7540.12,2815.42,1077.16,1,High Value
CUST-0417,2023-09-21,2,1221.12,431.63,610.56,833,Low Value
CUST-0418,2025-09-12,2,2907.0699999999997,1142.37,1453.5349999999999,111,Low Value
CUST-0419,2025-05-19,4,5269.179999999999,1514.71,1317.2949999999998,227,Medium Value
CUST-0420,2025-12-26,5,7515.45,2781.77,1503.09,6,High Value
CUST-0421,2025-02-26,5,5688.0199999999995,1832.8400000000001,1137.6039999999998,309,High Value
CUST-0422,2025-02-04,5,13643.96,4004.81,2728.792,331,VIP
CUST-0423,2025-11-01,3,852.64,330.03,284.2133333333333,61,Low Value
CUST-0424,2025-06-22,5,7561.650000000001,1634.31,1512.3300000000002,193,High Value
CUST-0425,2025-10-26,7,14484.18,4345.12,2069.1685714285713,67,VIP
CUST-0426,2025-10-10,8,9475.16,2760.55,1184.395,83,VIP
CUST-0427,2025-08-11,5,7440.58,1491.0,1488.116,143,High Value
CUST-0428,2024-10-25,7,5893.3099999999995,1809.93,841.9014285714285,433,High Value
CUST-0429,2025-06-17,7,3936.1,984.9699999999999,562.3,198,Medium Value
CUST-0430,2024-11-28,5,10063.17,3773.5,2012.634,399,VIP
CUST-0431,2025-11-19,6,6552.23,2386.92,1092.0383333333332,43,High Value
CUST-0432,2025-08-02,3,1743.28,580.11,581.0933333333334,152,Low Value
CUST-0433,2025-04-27,4,6542.540000000001,1717.04,1635.6350000000002,249,High Value
CUST-0434,2025-04-21,5,8115.62,3331.7300000000005,1623.124,255,High Value
CUST-0435,2025-10-28,9,7503.38,2600.94,833.7088888888889,65,High Value
CUST-0436,2024-08-15,4,5067.53,1790.4999999999998,1266.8825,504,Medium Value
CUST-0437,2025-12-10,3,828.95,296.48,276.31666666666666,22,Low Value
CUST-0438,2025-08-09,8,13623.84,4021.37,1702.98,145,VIP
CUST-0439,2025-03-27,5,5943.69,2199.69,1188.7379999999998,280,High Value
CUST-0441,2025-11-19,5,5369.82,1737.31,1073.964,43,Medium Value
CUST-0442,2025-11-25,5,5309.76,1256.72,1061.952,37,Medium Value
CUST-0443,2025-10-08,6,6104.83,2281.04,1017.4716666666667,85,High Value
CUST-0444,2024-01-09,2,2951.57,1147.9099999999999,1475.785,723,Medium Value
CUST-0445,2025-06-11,8,16058.61,5014.219999999999,2007.32625,204,VIP
CUST-0446,2024-12-06,4,8134.13,1678.3200000000002,2033.5325,391,High Value
CUST-0447,2025-12-01,3,4918.049999999999,1805.1000000000001,1639.3499999999997,31,Medium Value
CUST-0448,2025-04-06,3,2194.14,695.61,731.38,270,Low Value
CUST-0449,2025-12-25,7,9975.04,2755.2599999999998,1425.0057142857145,7,VIP
CUST-0450,2024-05-18,2,247.53000000000003,103.13,123.76500000000001,593,Low Value
CUST-0451,2025-06-25,2,5426.21,1318.0,2713.105,190,High Value
CUST-0452,2025-08-17,5,9136.85,2988.67,1827.3700000000001,137,VIP
CUST-0453,2025-11-26,5,16144.580000000002,4507.53,3228.916,36,VIP
CUST-0454,2025-07-16,2,2941.6600000000003,1122.1100000000001,1470.8300000000002,169,Medium Value
CUST-0455,2024-12-18,4,4146.08,1477.1100000000001,1036.52,379,Medium Value
CUST-0456,2025-07-05,5,3170.3899999999994,1244.1100000000001,634.0779999999999,180,Medium Value
CUST-0457,2024-06-25,5,7166.96,2374.0,1433.392,555,High Value
CUST-0458,2025-03-22,2,614.17,263.28000000000003,307.085,285,Low Value
CUST-0459,2025-11-28,8,3069.9,1017.0699999999999,383.7375,34,Medium Value
CUST-0460,2025-06-15,3,1764.74,609.6700000000001,588.2466666666667,200,Low Value
CUST-0461,2025-01-28,4,3024.24,733.04,756.06,338,Medium Value
CUST-0462,2025-05-27,2,504.66,128.39999999999998,252.33,219,Low Value
CUST-0463,2025-08-21,6,12464.67,4963.85,2077.445,133,VIP
CUST-0464,2025-02-18,4,5392.82,2242.91,1348.205,317,Medium Value
CUST-0465,2025-09-21,5,3367.4700000000003,1280.0800000000002,673.494,102,Medium Value
CUST-0466,2025-03-11,4,4661.27,1553.29,1165.3175,296,Medium Value
CUST-0467,2023-10-10,2,4191.08,1280.45,2095.54,814,Medium Value
CUST-0468,2025-12-02,3,3078.78,1056.05,1026.26,30,Medium Value
CUST-0469,2025-12-18,8,13727.95,4743.31,1715.99375,14,VIP
CUST-0470,2023-01-21,1,1966.59,540.08,1966.59,1076,Low Value
CUST-0471,2024-01-19,3,4822.3099999999995,1632.04,1607.4366666666665,713,Medium Value
CUST-0472,2025-12-22,5,892.85,336.86,178.57,10,Low Value
CUST-0473,2025-08-05,4,5792.849999999999,1243.55,1448.2124999999999,149,High Value
CUST-0474,2025-01-01,6,4091.28,1459.77,681.88,365,Medium Value
CUST-0475,2025-08-03,5,3837.68,1435.32,767.536,151,Medium Value
CUST-0476,2025-10-13,6,2508.56,815.61,418.0933333333333,80,Low Value
CUST-0477,2025-09-17,7,14800.76,5364.44,2114.3942857142856,106,VIP
CUST-0478,2025-11-11,4,1120.0,343.17,280.0,51,Low Value
CUST-0479,2025-01-15,4,10390.350000000002,2544.4900000000002,2597.5875000000005,351,VIP
CUST-0480,2025-05-27,6,5916.66,2281.0899999999997,986.11,219,High Value
CUST-0481,2025-11-05,5,4659.84,1586.2,931.9680000000001,57,Medium Value
CUST-0482,2025-12-18,7,4497.28,1455.2,642.4685714285714,14,Medium Value
CUST-0483,2025-09-18,2,2255.35,908.91,1127.675,105,Low Value
CUST-0484,2025-10-26,8,16056.16,5231.2300000000005,2007.02,67,VIP
CUST-0485,2023-02-02,1,1053.5,341.35,1053.5,1064,Low Value
CUST-0486,2025-08-10,6,4614.11,1319.4,769.0183333333333,144,Medium Value
CUST-0487,2025-02-03,6,6087.92,1643.52,1014.6533333333333,332,High Value
CUST-0488,2025-11-14,5,4533.03,1893.79,906.606,48,Medium Value
CUST-0489,2025-03-23,7,9646.33,3401.9900000000002,1378.047142857143,284,VIP
CUST-0490,2025-09-11,6,9231.85,2409.74,1538.6416666666667,112,VIP
CUST-0491,2025-05-20,4,4073.21,1054.8200000000002,1018.3025,226,Medium Value
CUST-0492,2023-12-23,2,2187.8,690.74,1093.9,740,Low Value
CUST-0493,2025-08-27,1,625.22,181.59,625.22,127,Low Value
CUST-0494,2025-01-20,4,3005.7799999999997,664.09,751.4449999999999,346,Medium Value
CUST-0495,2023-02-26,1,123.88,26.0,123.88,1040,Low Value
CUST-0496,2025-12-23,6,5887.86,1896.16,981.31,9,High Value
CUST-0497,2025-08-22,4,7215.379999999999,1486.2300000000002,1803.8449999999998,132,High Value
CUST-0498,2025-10-08,5,3646.25,1479.66,729.25,85,Medium Value
CUST-0499,2025-08-23,5,1972.68,496.52,394.536,131,Low Value
CUST-0500,2025-09-08,10,14251.69,4928.48,1425.169,115,VIP
CUST-0501,2025-12-17,8,10131.789999999999,3688.67,1266.4737499999999,15,VIP
CUST-0502,2025-09-08,6,10698.539999999999,2628.31,1783.09,115,VIP
CUST-0503,2024-03-12,4,7250.57,1528.53,1812.6425,660,High Value
CUST-0504,2025-08-12,5,8762.4,2940.2200000000003,1752.48,142,High Value
CUST-0505,2025-12-30,7,11405.15,3376.1400000000003,1629.3071428571427,2,VIP
CUST-0506,2025-12-09,4,5539.639999999999,1547.3600000000001,1384.9099999999999,23,High Value
CUST-0507,2024-11-21,3,3170.48,1098.89,1056.8266666666666,406,Medium Value
CUST-0508,2025-11-04,6,4656.1900000000005,1368.29,776.0316666666668,58,Medium Value
CUST-0509,2025-05-26,6,8029.619999999999,2111.24,1338.2699999999998,220,High Value
CUST-0510,2024-12-09,2,4598.58,1379.43,2299.29,388,Medium Value
CUST-0511,2025-11-09,9,16386.58,6336.43,1820.7311111111112,53,VIP
CUST-0512,2024-06-06,4,4803.82,1093.2,1200.955,574,Medium Value
CUST-0513,2025-11-27,8,3102.6,927.6500000000001,387.825,35,Medium Value
CUST-0514,2025-06-13,7,8734.42,2299.7200000000003,1247.7742857142857,202,High Value
CUST-0515,2025-08-01,3,156.27,50.900000000000006,52.09,153,Low Value
CUST-0516,2023-09-09,2,7412.27,2126.45,3706.135,845,High Value
CUST-0517,2025-12-04,13,5913.02,1706.38,454.84769230769234,28,High Value
CUST-0518,2024-03-15,3,8638.18,1813.96,2879.3933333333334,657,High Value
CUST-0519,2025-04-06,4,4008.92,1570.6,1002.23,270,Medium Value
CUST-0520,2025-12-12,5,8796.06,2872.94,1759.212,20,High Value
CUST-0521,2025-10-13,7,5808.9400000000005,1515.94,829.8485714285715,80,High Value
CUST-0522,2025-12-19,7,6031.46,2011.58,861.6371428571429,13,High Value
CUST-0523,2025-10-23,7,10785.43,3420.0,1540.7757142857142,70,VIP
CUST-0524,2025-06-02,2,2265.74,733.71,1132.87,213,Low Value
CUST-0525,2025-06-19,8,9584.48,3838.75,1198.06,196,VIP
CUST-0526,2025-05-20,3,1709.56,622.5600000000001,569.8533333333334,226,Low Value
CUST-0527,2023-06-26,1,327.64,117.54,327.64,920,Low Value
CUST-0528,2025-08-29,7,6332.150000000001,2020.61,904.5928571428573,125,High Value
CUST-0529,2025-11-01,6,7163.5199999999995,2035.69,1193.9199999999998,61,High Value
CUST-0530,2025-01-07,3,1371.82,324.21000000000004,457.2733333333333,359,Low Value
CUST-0531,2025-07-12,2,1810.05,428.1,905.025,173,Low Value
CUST-0532,2025-06-29,7,3916.5199999999995,1376.98,559.5028571428571,186,Medium Value
CUST-0533,2025-12-18,4,2937.6699999999996,720.53,734.4174999999999,14,Medium Value
CUST-0534,2025-12-31,9,7670.79,2712.02,852.31,1,High Value
CUST-0535,2025-07-11,6,9156.65,3199.1400000000003,1526.1083333333333,174,VIP
CUST-0536,2025-08-20,2,3218.34,848.1899999999999,1609.17,134,Medium Value
CUST-0537,2025-08-12,6,13549.27,4044.21,2258.2116666666666,142,VIP
CUST-0538,2025-07-09,7,10548.0,3888.21,1506.857142857143,176,VIP
CUST-0539,2025-12-19,3,6708.42,1902.52,2236.14,13,High Value
CUST-0540,2025-12-21,7,10456.27,4042.0,1493.7528571428572,11,VIP
CUST-0541,2025-07-07,6,3863.46,1108.48,643.91,178,Medium Value
CUST-0542,2025-02-28,2,2801.2000000000003,1128.53,1400.6000000000001,307,Low Value
CUST-0544,2023-10-15,3,4125.96,1252.06,1375.32,809,Medium Value
CUST-0545,2025-11-29,6,9156.16,2681.08,1526.0266666666666,33,VIP
CUST-0546,2025-11-06,4,8341.5,3383.5699999999997,2085.375,56,High Value
CUST-0547,2025-09-07,6,8145.76,2069.01,1357.6266666666668,116,High Value
CUST-0548,2025-04-23,4,5731.79,1221.0800000000002,1432.9475,253,High Value
CUST-0549,2025-03-24,4,2443.2200000000003,548.86,610.8050000000001,283,Low Value
CUST-0550,2025-07-19,3,1846.65,527.44,615.5500000000001,166,Low Value
CUST-0551,2025-04-10,6,8922.220000000001,3025.44,1487.0366666666669,266,VIP
CUST-0552,2025-08-30,6,12152.18,3283.21,2025.3633333333335,124,VIP
CUST-0553,2025-07-04,6,4830.639999999999,1233.0900000000001,805.1066666666666,181,Medium Value
CUST-0554,2025-12-01,8,11465.85,3730.75,1433.23125,31,VIP
CUST-0555,2025-09-30,3,422.76,124.13,140.92,93,Low Value
CUST-0556,2025-11-22,8,7769.62,1763.01,971.2025,40,High Value
CUST-0557,2025-06-23,4,3709.2,1167.48,927.3,192,Medium Value
CUST-0558,2025-10-14,5,11137.17,3266.65,2227.434,79,VIP
CUST-0559,2025-08-21,5,6982.7,2185.2,1396.54,133,High Value
CUST-0560,2025-11-13,3,5066.83,2204.98,1688.9433333333334,49,Medium Value
CUST-0561,2025-11-09,3,5413.049999999999,1985.27,1804.3499999999997,53,Medium Value
CUST-0562,2025-04-11,4,3662.33,1390.55,915.5825,265,Medium Value
CUST-0563,2025-12-27,5,3267.71,736.6,653.542,5,Medium Value
CUST-0564,2024-09-15,2,4032.62,1330.37,2016.31,473,Medium Value
CUST-0565,2025-04-11,1,5725.36,2486.52,5725.36,265,High Value
CUST-0566,2025-11-01,9,8129.12,2619.26,903.2355555555555,61,High Value
CUST-0567,2025-09-20,1,3756.24,1281.84,3756.24,103,Medium Value
CUST-0568,2025-11-04,8,9086.53,3209.69,1135.81625,58,VIP
CUST-0569,2025-09-19,6,5416.51,1676.1200000000001,902.7516666666667,104,High Value
CUST-0570,2025-07-19,9,4697.09,1224.15,521.8988888888889,166,Medium Value
CUST-0571,2024-04-02,1,45.42,13.27,45.42,639,Low Value
CUST-0572,2025-04-22,9,8093.46,2660.62,899.2733333333333,254,High Value
CUST-0573,2025-03-27,5,4780.04,1576.25,956.008,280,Medium Value
CUST-0574,2025-08-14,5,11580.4,4319.45,2316.08,140,VIP
CUST-0575,2025-05-13,6,16073.130000000001,6350.620000000001,2678.855,233,VIP
CUST-0576,2025-03-18,3,3884.68,808.0799999999999,1294.8933333333332,289,Medium Value
CUST-0577,2025-11-06,7,7722.06,2440.57,1103.1514285714286,56,High Value
CUST-0578,2025-01-15,4,2070.52,834.91,517.63,351,Low Value
CUST-0579,2025-05-26,6,3170.72,1087.23,528.4533333333333,220,Medium Value
CUST-0580,2025-10-13,8,8464.03,3052.34,1058.00375,80,High Value
CUST-0581,2025-06-17,6,3308.36,1093.49,551.3933333333333,198,Medium Value
CUST-0582,2025-09-05,10,9951.33,2246.66,995.133,118,VIP
CUST-0583,2025-10-20,6,2766.5299999999997,789.3399999999999,461.0883333333333,73,Low Value
CUST-0584,2025-12-16,3,666.1700000000001,184.42000000000002,222.0566666666667,16,Low Value
CUST-0585,2025-07-04,8,14719.98,4875.48,1839.9975,181,VIP
CUST-0586,2025-12-15,9,17704.04,5075.66,1967.1155555555556,17,VIP
CUST-0587,2024-05-12,2,1849.1799999999998,487.68999999999994,924.5899999999999,599,Low Value
CUST-0588,2025-10-29,9,10245.650000000001,3492.2000000000003,1138.4055555555558,64,VIP
CUST-0589,2025-10-19,4,1406.58,375.71000000000004,351.645,74,Low Value
CUST-0590,2025-08-13,5,6754.679999999999,1999.77,1350.936,141,High Value
CUST-0592,2024-08-05,2,1363.3,487.59999999999997,681.65,514,Low Value
CUST-0593,2025-10-15,4,7937.75,2527.78,1984.4375,78,High Value
CUST-0594,2024-08-06,3,6982.58,2373.8,2327.5266666666666,513,High Value
CUST-0595,2025-01-16,3,5587.59,2088.31,1862.53,350,High Value
CUST-0596,2025-12-12,6,8658.529999999999,2040.1000000000001,1443.0883333333331,20,High Value
CUST-0597,2025-09-04,8,14326.33,4373.07,1790.79125,119,VIP
CUST-0598,2025-12-23,6,4925.860000000001,1677.49,820.9766666666668,9,Medium Value
CUST-0599,2025-10-22,8,11043.98,3929.8,1380.4975,71,VIP
CUST-0600,2025-05-07,4,465.24,101.12,116.31,239,Low Value
CUST-0601,2025-12-11,4,5846.87,2303.71,1461.7175,21,High Value
CUST-0602,2025-09-14,7,13771.039999999999,4598.34,1967.2914285714285,109,VIP
CUST-0603,2025-12-27,5,11903.43,2712.91,2380.686,5,VIP
CUST-0604,2025-10-11,8,6124.320000000001,1839.18,765.5400000000001,82,High Value
CUST-0605,2025-08-18,3,1038.19,304.57,346.06333333333333,136,Low Value
CUST-0607,2024-08-29,4,9891.29,2466.18,2472.8225,490,VIP
CUST-0608,2025-12-14,9,11286.58,3738.29,1254.0644444444445,18,VIP
CUST-0609,2025-02-18,4,1938.8500000000001,672.25,484.71250000000003,317,Low Value
CUST-0610,2025-11-23,10,7045.5,2362.7099999999996,704.55,39,High Value
CUST-0611,2025-12-20,2,1664.0600000000002,599.24,832.0300000000001,12,Low Value
CUST-0612,2025-12-10,5,3737.4399999999996,1328.04,747.4879999999999,22,Medium Value
CUST-0613,2025-08-27,4,3505.08,848.15,876.27,127,Medium Value
CUST-0614,2025-04-24,2,367.39,103.71000000000001,183.695,252,Low Value
CUST-0615,2024-11-10,6,11020.09,3024.29,1836.6816666666666,417,VIP
CUST-0616,2025-08-28,6,5397.129999999999,1332.02,899.5216666666665,126,Medium Value
CUST-0617,2025-08-10,6,15836.81,4724.26,2639.4683333333332,144,VIP
CUST-0618,2025-11-25,9,9237.9,2815.69,1026.4333333333334,37,VIP
CUST-0619,2025-11-16,6,23784.15,6380.56,3964.025,46,VIP
CUST-0620,2025-12-05,8,4828.7,1195.2,603.5875,27,Medium Value
CUST-0621,2025-07-18,2,1350.22,553.41,675.11,167,Low Value
CUST-0622,2025-10-05,4,7074.07,1990.1799999999998,1768.5175,88,High Value
CUST-0623,2025-12-17,10,15516.12,4686.77,1551.612,15,VIP
CUST-0624,2025-11-19,6,9744.75,2776.08,1624.125,43,VIP
CUST-0625,2025-06-03,5,8279.470000000001,2698.06,1655.8940000000002,212,High Value
CUST-0626,2025-08-29,2,3047.3,768.8100000000001,1523.65,125,Medium Value
CUST-0627,2025-11-28,4,6197.219999999999,1841.01,1549.3049999999998,34,High Value
CUST-0628,2025-02-12,6,6728.400000000001,2317.5299999999997,1121.4,323,High Value
CUST-0629,2025-08-05,4,6690.74,1998.52,1672.685,149,High Value
CUST-0630,2025-05-11,4,1196.5900000000001,414.87,299.14750000000004,235,Low Value
CUST-0631,2025-07-23,6,16102.27,5039.37,2683.7116666666666,162,VIP
CUST-0632,2025-03-19,6,2872.27,904.12,478.71166666666664,288,Low Value
CUST-0633,2025-09-24,5,1590.61,418.02,318.12199999999996,99,Low Value
CUST-0634,2025-05-20,6,11351.95,3061.66,1891.9916666666668,226,VIP
CUST-0635,2025-12-13,7,6225.51,1707.87,889.3585714285715,19,High Value
CUST-0636,2025-08-24,3,7192.879999999999,1852.05,2397.6266666666666,130,High Value
CUST-0637,2024-12-11,5,6670.67,2320.56,1334.134,386,High Value
CUST-0638,2025-04-08,6,10305.08,3202.39,1717.5133333333333,268,VIP
CUST-0639,2025-11-10,4,3919.88,1333.5,979.97,52,Medium Value
CUST-0640,2025-07-27,3,7508.3,1588.01,2502.766666666667,158,High Value
CUST-0641,2024-06-08,3,1976.99,575.19,658.9966666666667,572,Low Value
CUST-0642,2025-11-12,5,10925.710000000001,4056.21,2185.1420000000003,50,VIP
CUST-0643,2025-12-13,5,2195.15,904.3699999999999,439.03000000000003,19,Low Value
CUST-0644,2025-06-28,7,4853.759999999999,1638.36,693.3942857142856,187,Medium Value
CUST-0645,2025-06-24,3,3158.3,1220.1299999999999,1052.7666666666667,191,Medium Value
CUST-0646,2025-06-29,6,8910.05,3014.17,1485.0083333333332,186,VIP
CUST-0647,2025-11-22,3,7021.92,2825.08,2340.64,40,High Value
CUST-0648,2025-10-24,3,4964.91,1481.0900000000001,1654.97,69,Medium Value
CUST-0649,2024-07-13,4,4518.87,1379.4,1129.7175,537,Medium Value
CUST-0650,2025-09-27,6,2528.31,942.81,421.385,96,Low Value
CUST-0651,2025-06-16,4,7787.35,2483.13,1946.8375,199,High Value
CUST-0652,2024-04-29,3,2536.79,1017.56,845.5966666666667,612,Low Value
CUST-0653,2025-06-23,7,4370.78,1487.3700000000001,624.3971428571429,192,Medium Value
CUST-0654,2025-10-28,3,1486.16,587.17,495.3866666666667,65,Low Value
CUST-0655,2024-07-17,2,6218.46,2256.51,3109.23,533,High Value
CUST-0656,2025-11-14,5,10307.630000000001,3098.12,2061.5260000000003,48,VIP
CUST-0657,2025-08-09,6,6609.08,1940.44,1101.5133333333333,145,High Value
CUST-0658,2024-11-02,2,594.15,220.43,297.075,425,Low Value
CUST-0659,2025-07-27,3,7206.000000000001,1999.07,2402.0000000000005,158,High Value
CUST-0660,2025-08-24,5,16393.49,3514.05,3278.6980000000003,130,VIP
CUST-0661,2025-11-26,10,9883.51,2688.85,988.351,36,VIP
CUST-0662,2025-04-10,3,1389.45,510.09,463.15000000000003,266,Low Value
CUST-0663,2025-08-11,6,10425.150000000001,3420.69,1737.5250000000003,143,VIP
CUST-0664,2025-10-14,7,13389.210000000001,4043.21,1912.7442857142858,79,VIP
CUST-0665,2025-07-20,7,8623.45,2848.15,1231.9214285714286,165,High Value
CUST-0666,2025-05-07,3,2541.2799999999997,892.3,847.0933333333332,239,Low Value
CUST-0667,2025-11-22,6,11590.66,3606.31,1931.7766666666666,40,VIP
CUST-0668,2025-06-06,4,4284.01,1633.48,1071.0025,209,Medium Value
CUST-0669,2024-09-16,10,10267.45,3179.34,1026.7450000000001,472,VIP
CUST-0670,2025-12-19,8,2569.71,813.5,321.21375,13,Low Value
CUST-0671,2025-05-05,8,10734.93,3035.49,1341.86625,241,VIP
CUST-0672,2025-08-15,1,202.29,68.92,202.29,139,Low Value
CUST-0673,2025-10-09,5,5931.9400000000005,2007.8,1186.3880000000001,84,High Value
CUST-0674,2024-02-29,3,5088.97,1870.5,1696.3233333333335,672,Medium Value
CUST-0675,2025-10-04,6,3677.81,1087.17,612.9683333333334,89,Medium Value
CUST-0676,2025-09-28,5,2821.97,1180.65,564.394,95,Low Value
CUST-0677,2025-09-10,2,7677.4400000000005,1435.74,3838.7200000000003,113,High Value
CUST-0678,2025-05-12,6,13797.539999999999,4074.4300000000003,2299.5899999999997,234,VIP
CUST-0679,2025-01-27,5,21165.07,8329.11,4233.014,339,VIP
CUST-0680,2024-04-12,1,495.08,138.77,495.08,629,Low Value
CUST-0681,2025-07-04,6,14903.29,3708.52,2483.8816666666667,181,VIP
CUST-0682,2025-12-19,7,14785.880000000001,5462.42,2112.2685714285717,13,VIP
CUST-0683,2025-08-31,4,1701.49,706.3199999999999,425.3725,123,Low Value
CUST-0684,2025-11-01,4,1395.9,492.98,348.975,61,Low Value
CUST-0685,2025-02-14,8,7264.36,1737.94,908.045,321,High Value
CUST-0686,2024-10-14,7,22574.420000000002,9147.52,3224.917142857143,444,VIP
CUST-0687,2024-09-14,6,8138.92,2170.01,1356.4866666666667,474,High Value
CUST-0688,2025-08-30,8,17457.16,5309.46,2182.145,124,VIP
CUST-0689,2025-02-28,4,6899.25,2793.7599999999998,1724.8125,307,High Value
CUST-0690,2025-11-14,5,3238.85,1010.78,647.77,48,Medium Value
CUST-0691,2025-12-08,7,20798.52,5632.74,2971.217142857143,24,VIP
CUST-0692,2023-01-04,1,320.19,103.52,320.19,1093,Low Value
CUST-0693,2025-08-16,3,4949.84,1700.34,1649.9466666666667,138,Medium Value
CUST-0694,2025-08-11,5,4527.39,1415.96,905.4780000000001,143,Medium Value
CUST-0695,2024-02-11,4,8084.38,2012.61,2021.095,690,High Value
CUST-0696,2024-09-21,6,1968.2,663.64,328.03333333333336,467,Low Value
CUST-0697,2025-01-31,7,8809.95,2582.7200000000003,1258.564285714286,335,High Value
CUST-0698,2025-11-02,2,448.15999999999997,100.49,224.07999999999998,60,Low Value
CUST-0699,2025-07-09,5,3708.49,1439.24,741.698,176,Medium Value
CUST-0700,2025-11-07,5,7584.759999999999,1971.98,1516.9519999999998,55,High Value
CUST-0701,2025-05-26,6,3510.9700000000003,1242.44,585.1616666666667,220,Medium Value
CUST-0702,2025-01-26,5,11804.54,3758.97,2360.9080000000004,340,VIP
CUST-0703,2025-12-10,4,11740.89,3398.77,2935.2225,22,VIP
CUST-0704,2025-06-01,5,9430.1,2254.4900000000002,1886.02,214,VIP
CUST-0705,2025-08-05,2,1058.93,443.97999999999996,529.465,149,Low Value
CUST-0706,2025-05-01,2,4549.85,1546.29,2274.925,245,Medium Value
CUST-0707,2025-09-09,8,15290.17,4728.4,1911.27125,114,VIP
CUST-0708,2025-03-19,4,5288.54,1410.54,1322.135,288,Medium Value
CUST-0709,2025-09-14,4,2065.99,869.4200000000001,516.4975,109,Low Value
CUST-0710,2024-10-29,6,3251.84,1203.04,541.9733333333334,429,Medium Value
CUST-0711,2025-10-30,6,4472.599999999999,1116.32,745.4333333333333,63,Medium Value
CUST-0712,2025-08-09,4,6821.43,2465.49,1705.3575,145,High Value
CUST-0713,2025-03-06,3,5222.6900000000005,1950.0100000000002,1740.8966666666668,301,Medium Value
CUST-0714,2025-11-18,6,9012.36,3367.74,1502.0600000000002,44,VIP
CUST-0715,2025-11-15,5,1840.62,648.81,368.12399999999997,47,Low Value
CUST-0716,2025-01-20,3,930.18,280.86,310.06,346,Low Value
CUST-0717,2024-07-04,2,5343.379999999999,1397.3400000000001,2671.6899999999996,546,Medium Value
CUST-0718,2025-10-21,7,15470.900000000001,4794.51,2210.128571428572,72,VIP
CUST-0719,2024-01-13,2,4855.55,941.22,2427.775,719,Medium Value
CUST-0720,2025-08-01,8,6104.68,2179.7,763.085,153,High Value
CUST-0721,2025-12-01,5,6681.030000000001,1656.21,1336.2060000000001,31,High Value
CUST-0722,2025-04-02,6,6444.88,2516.76,1074.1466666666668,274,High Value
CUST-0723,2025-06-22,3,1738.57,591.96,579.5233333333333,193,Low Value
CUST-0724,2023-07-26,3,393.84000000000003,108.51,131.28,890,Low Value
CUST-0725,2025-09-08,8,15515.91,6143.22,1939.48875,115,VIP
CUST-0726,2025-07-31,4,4400.99,947.0600000000001,1100.2475,154,Medium Value
CUST-0727,2025-07-11,2,1921.33,778.8499999999999,960.665,174,Low Value
CUST-0728,2024-09-19,5,3315.42,1104.51,663.0840000000001,469,Medium Value
CUST-0729,2025-10-17,2,2667.32,1160.34,1333.66,76,Low Value
CUST-0730,2025-08-22,3,8060.7699999999995,2415.5499999999997,2686.923333333333,132,High Value
CUST-0731,2025-02-03,2,655.23,241.03,327.615,332,Low Value
CUST-0732,2025-06-08,7,7885.5,2499.8,1126.5,207,High Value
CUST-0733,2025-11-05,3,831.05,240.74,277.01666666666665,57,Low Value
CUST-0734,2025-12-10,6,11069.61,4071.04,1844.9350000000002,22,VIP
CUST-0735,2025-12-04,8,9454.91,2167.85,1181.86375,28,VIP
CUST-0736,2025-05-08,2,529.27,183.29,264.635,238,Low Value
CUST-0737,2025-12-05,6,2817.4399999999996,893.88,469.57333333333327,27,Low Value
CUST-0738,2024-02-12,1,494.1,101.14,494.1,689,Low Value
CUST-0739,2025-11-23,4,6002.29,2459.33,1500.5725,39,High Value
CUST-0740,2025-07-19,12,13024.32,3129.69,1085.36,166,VIP
CUST-0741,2025-04-08,6,12193.029999999999,2889.3199999999997,2032.1716666666664,268,VIP
CUST-0742,2025-03-30,5,4419.95,956.69,883.99,277,Medium Value
CUST-0743,2025-12-17,11,14911.050000000001,4185.71,1355.5500000000002,15,VIP
CUST-0744,2025-04-26,5,3397.87,1117.4099999999999,679.574,250,Medium Value
CUST-0745,2025-10-16,8,14416.1,4278.62,1802.0125,77,VIP
CUST-0746,2025-10-19,4,7395.08,2878.74,1848.77,74,High Value
CUST-0747,2025-10-27,4,7023.9400000000005,1756.57,1755.9850000000001,66,High Value
CUST-0748,2024-10-07,4,5558.13,1525.04,1389.5325,451,High Value
CUST-0749,2025-11-18,8,11634.75,3811.81,1454.34375,44,VIP
CUST-0750,2025-11-07,8,9939.77,3696.3599999999997,1242.47125,55,VIP
CUST-0751,2024-09-18,3,811.3,268.31,270.43333333333334,470,Low Value
CUST-0752,2025-08-13,4,2962.46,1042.56,740.615,141,Medium Value
CUST-0753,2025-11-14,9,17024.08,5278.35,1891.5644444444447,48,VIP
CUST-0754,2025-09-19,9,4885.83,1213.85,542.87,104,Medium Value
CUST-0755,2024-07-07,6,10873.22,3870.22,1812.2033333333331,543,VIP
CUST-0756,2025-07-31,7,1515.26,395.53,216.46571428571428,154,Low Value
CUST-0757,2025-07-14,7,8353.46,2412.02,1193.3514285714284,171,High Value
CUST-0758,2025-09-16,4,2390.09,523.38,597.5225,107,Low Value
CUST-0759,2025-11-27,6,4284.34,1128.25,714.0566666666667,35,Medium Value
CUST-0760,2024-11-19,4,5829.5599999999995,1328.46,1457.3899999999999,408,High Value
CUST-0761,2025-01-31,5,8851.18,2302.25,1770.236,335,High Value
CUST-0762,2025-11-06,7,10056.150000000001,2371.9700000000003,1436.5928571428574,56,VIP
CUST-0763,2025-12-19,3,3607.49,791.5600000000001,1202.4966666666667,13,Medium Value
CUST-0764,2025-03-27,3,7788.26,2744.4,2596.0866666666666,280,High Value
CUST-0767,2025-12-09,7,7428.67,2471.78,1061.2385714285715,23,High Value
CUST-0768,2025-09-02,5,2522.75,894.62,504.55,121,Low Value
CUST-0769,2025-11-06,6,6427.9,1818.65,1071.3166666666666,56,High Value
CUST-0770,2025-10-20,5,6669.96,2579.41,1333.992,73,High Value
CUST-0771,2025-10-07,4,8078.280000000001,2980.05,2019.5700000000002,86,High Value
CUST-0772,2025-08-03,4,418.24,166.19,104.56,151,Low Value
CUST-0773,2025-12-04,6,4289.48,1212.47,714.9133333333333,28,Medium Value
CUST-0774,2024-12-03,3,2061.9,885.15,687.3000000000001,394,Low Value
CUST-0775,2025-08-22,3,1692.4300000000003,407.54,564.1433333333334,132,Low Value
CUST-0776,2025-10-25,4,3836.56,946.1899999999999,959.14,68,Medium Value
CUST-0777,2025-12-27,7,5833.96,1560.7,833.4228571428572,5,High Value
CUST-0778,2025-07-14,3,4115.2,1471.05,1371.7333333333333,171,Medium Value
CUST-0779,2025-08-22,3,6815.4400000000005,2177.02,2271.8133333333335,132,High Value
CUST-0780,2025-06-13,6,3459.34,1092.47,576.5566666666667,202,Medium Value
CUST-0781,2025-11-28,3,539.04,115.09,179.67999999999998,34,Low Value
CUST-0782,2025-10-28,3,5324.6,1427.9099999999999,1774.8666666666668,65,Medium Value
CUST-0783,2025-11-28,8,7676.95,2771.67,959.61875,34,High Value
CUST-0784,2024-07-15,3,7097.68,2501.07,2365.8933333333334,535,High Value
CUST-0785,2025-03-19,4,7241.14,1717.75,1810.285,288,High Value
CUST-0786,2025-10-22,5,10589.11,3098.39,2117.822,71,VIP
CUST-0787,2025-03-05,5,2858.79,987.8199999999999,571.758,302,Low Value
CUST-0788,2025-01-23,4,7504.76,2574.2000000000003,1876.19,343,High Value
CUST-0789,2025-10-25,7,3405.86,1300.0700000000002,486.5514285714286,68,Medium Value
CUST-0790,2025-11-21,4,2836.91,945.24,709.2275,41,Low Value
CUST-0791,2024-12-20,3,906.92,325.46,302.3066666666667,377,Low Value
CUST-0792,2024-06-23,4,2878.17,724.3900000000001,719.5425,557,Low Value
CUST-0793,2025-10-19,3,5266.2699999999995,1532.33,1755.4233333333332,74,Medium Value
CUST-0794,2025-09-07,7,5524.2699999999995,1374.4099999999999,789.1814285714285,116,High Value
CUST-0795,2025-01-11,3,3219.25,1310.96,1073.0833333333333,355,Medium Value
CUST-0796,2025-08-16,8,11720.9,3322.67,1465.1125,138,VIP
CUST-0797,2025-12-25,5,6260.58,1856.62,1252.116,7,High Value
CUST-0798,2025-07-13,4,2957.29,1006.1200000000001,739.3225,172,Medium Value
CUST-0799,2025-12-09,6,5280.58,1625.58,880.0966666666667,23,Medium Value
CUST-0800,2024-09-12,7,18233.8,4115.46,2604.828571428571,476,VIP
CUST-0801,2025-11-19,4,2978.67,937.35,744.6675,43,Medium Value
CUST-0802,2025-07-17,6,13621.63,4576.03,2270.2716666666665,168,VIP
CUST-0803,2025-12-15,3,1591.17,546.35,530.39,17,Low Value
CUST-0804,2025-12-28,11,19937.67,5201.280000000001,1812.5154545454543,4,VIP
CUST-0805,2025-03-12,1,392.18,75.57,392.18,295,Low Value
CUST-0806,2024-12-20,2,762.28,271.21999999999997,381.14,377,Low Value
CUST-0807,2025-06-05,8,13865.55,4206.97,1733.19375,210,VIP
CUST-0808,2024-12-23,4,2725.7200000000003,827.95,681.4300000000001,374,Low Value
CUST-0809,2024-01-06,1,3140.41,754.05,3140.41,726,Medium Value
CUST-0810,2025-06-04,4,4020.12,1237.75,1005.03,211,Medium Value
CUST-0812,2025-01-22,2,2195.26,849.12,1097.63,344,Low Value
CUST-0813,2024-06-11,4,6167.61,1774.3600000000001,1541.9025,569,High Value
CUST-0814,2025-02-07,5,4862.66,1370.2,972.5319999999999,328,Medium Value
CUST-0815,2025-07-02,6,8831.609999999999,3335.38,1471.9349999999997,183,High Value
CUST-0816,2025-01-01,4,5769.84,1235.05,1442.46,365,High Value
CUST-0817,2024-12-21,5,3069.0,1094.5,613.8,376,Medium Value
CUST-0818,2025-12-28,4,961.48,341.75,240.37,4,Low Value
CUST-0819,2025-05-11,4,3267.1,773.99,816.775,235,Medium Value
CUST-0820,2025-12-25,3,4560.56,1208.38,1520.1866666666667,7,Medium Value
CUST-0821,2025-08-20,5,6963.839999999999,2188.34,1392.7679999999998,134,High Value
CUST-0822,2025-05-20,2,1233.78,465.11,616.89,226,Low Value
CUST-0823,2023-07-12,2,3035.14,1282.27,1517.57,904,Medium Value
CUST-0824,2025-06-09,11,5195.650000000001,1615.0800000000002,472.3318181818182,206,Medium Value
CUST-0825,2025-08-09,4,10161.96,3001.97,2540.49,145,VIP
CUST-0826,2025-01-30,5,5438.48,2181.2,1087.696,336,High Value
CUST-0827,2025-08-13,1,1438.63,557.18,1438.63,141,Low Value
CUST-0828,2025-08-13,7,6571.38,2252.78,938.7685714285715,141,High Value
CUST-0829,2025-12-05,3,1800.9499999999998,546.14,600.3166666666666,27,Low Value
CUST-0830,2025-04-02,5,7561.96,2731.98,1512.392,274,High Value
CUST-0831,2025-12-17,10,4990.24,1582.74,499.024,15,Medium Value
CUST-0832,2024-03-21,3,11415.81,3431.6299999999997,3805.27,651,VIP
CUST-0833,2025-12-26,3,5170.1900000000005,1408.3799999999999,1723.3966666666668,6,Medium Value
CUST-0834,2025-01-08,4,4606.07,1932.92,1151.5175,358,Medium Value
CUST-0835,2023-10-31,4,5176.9,1630.79,1294.225,793,Medium Value
CUST-0836,2025-06-16,15,17169.940000000002,6344.08,1144.6626666666668,199,VIP
CUST-0837,2025-07-06,2,6919.9,2427.3199999999997,3459.95,179,High Value
CUST-0838,2025-02-10,3,3194.36,1211.9599999999998,1064.7866666666666,325,Medium Value
CUST-0839,2025-02-23,3,2707.1,999.49,902.3666666666667,312,Low Value
CUST-0840,2025-12-24,9,17373.2,6481.18,1930.3555555555556,8,VIP
CUST-0841,2025-12-16,4,4673.0599999999995,1609.9,1168.2649999999999,16,Medium Value
CUST-0842,2023-11-24,2,5617.37,2336.01,2808.685,769,High Value
CUST-0843,2023-11-11,6,5333.7,1752.57,888.9499999999999,782,Medium Value
CUST-0844,2025-10-30,6,6888.26,2275.7799999999997,1148.0433333333333,63,High Value
CUST-0845,2025-10-12,5,7627.99,2107.69,1525.598,81,High Value
CUST-0846,2023-09-13,3,1983.58,754.55,661.1933333333333,841,Low Value
CUST-0847,2025-11-17,2,3297.17,951.68,1648.585,45,Medium Value
CUST-0848,2025-11-03,7,22596.44,6102.05,3228.062857142857,59,VIP
CUST-0849,2025-08-15,8,7460.17,2005.79,932.52125,139,High Value
CUST-0850,2025-12-09,12,7013.5599999999995,2410.25,584.4633333333333,23,High Value
CUST-0851,2025-06-10,3,2544.43,863.2199999999999,848.1433333333333,205,Low Value
CUST-0852,2025-06-18,4,1361.35,434.51000000000005,340.3375,197,Low Value
CUST-0853,2025-08-19,6,9782.6,2656.38,1630.4333333333334,135,VIP
CUST-0854,2025-05-09,6,10117.310000000001,3326.89,1686.2183333333335,237,VIP
CUST-0855,2025-03-13,5,10186.25,2716.63,2037.25,294,VIP
CUST-0856,2025-05-20,6,2903.49,1137.97,483.91499999999996,226,Low Value
CUST-0857,2025-11-17,7,3561.2,1019.3000000000001,508.74285714285713,45,Medium Value
CUST-0858,2024-03-17,2,92.65,33.1,46.325,655,Low Value
CUST-0859,2025-10-06,6,5440.08,1472.1200000000001,906.68,87,High Value
CUST-0860,2024-11-29,2,1702.4,477.81000000000006,851.2,398,Low Value
CUST-0861,2025-05-21,5,8918.869999999999,2546.21,1783.774,225,VIP
CUST-0862,2025-12-08,7,10407.5,3557.57,1486.7857142857142,24,VIP
CUST-0863,2025-07-28,5,9097.189999999999,2989.7,1819.4379999999996,157,VIP
CUST-0864,2025-04-19,3,2129.2000000000003,541.14,709.7333333333335,257,Low Value
CUST-0865,2025-11-11,7,3214.5499999999997,1040.8899999999999,459.22142857142853,51,Medium Value
CUST-0866,2025-09-20,3,1454.28,430.54,484.76,103,Low Value
CUST-0867,2025-10-11,6,8934.54,2490.69,1489.0900000000001,82,VIP
CUST-0868,2025-09-05,8,16375.15,6574.43,2046.89375,118,VIP
CUST-0869,2025-09-19,5,13045.71,3929.63,2609.142,104,VIP
CUST-0870,2025-10-15,5,7753.73,2359.64,1550.7459999999999,78,High Value
CUST-0871,2025-05-14,4,2594.08,653.72,648.52,232,Low Value
CUST-0872,2025-10-25,8,12816.24,3858.16,1602.03,68,VIP
CUST-0873,2025-05-14,6,7304.820000000001,2710.79,1217.47,232,High Value
CUST-0874,2025-08-18,5,6382.429999999999,2109.1,1276.4859999999999,136,High Value
CUST-0875,2025-09-22,3,4292.88,1624.2,1430.96,101,Medium Value
CUST-0876,2025-03-06,4,1717.48,421.5,429.37,301,Low Value
CUST-0877,2025-12-16,6,5710.95,1593.54,951.8249999999999,16,High Value
CUST-0878,2025-08-24,5,7397.08,2043.0700000000002,1479.416,130,High Value
CUST-0879,2025-05-19,5,3630.62,1275.1899999999998,726.124,227,Medium Value
CUST-0880,2025-09-22,6,5854.98,2140.32,975.8299999999999,101,High Value
CUST-0881,2025-12-24,7,8504.99,2642.5599999999995,1214.9985714285715,8,High Value
CUST-0882,2025-11-02,8,6405.75,2390.89,800.71875,60,High Value
CUST-0883,2025-10-28,10,6674.32,1969.45,667.432,65,High Value
CUST-0884,2025-08-08,7,11053.23,4470.78,1579.032857142857,146,VIP
CUST-0885,2024-08-15,3,9869.369999999999,3415.26,3289.7899999999995,504,VIP
CUST-0886,2025-12-01,7,10669.6,3879.92,1524.2285714285715,31,VIP
CUST-0887,2025-02-20,4,7648.759999999999,2756.2,1912.1899999999998,315,High Value
CUST-0888,2024-05-12,2,438.69,124.96000000000001,219.345,599,Low Value
CUST-0889,2024-02-09,1,867.8,181.05,867.8,692,Low Value
CUST-0890,2025-11-17,6,4737.5199999999995,1382.24,789.5866666666666,45,Medium Value
CUST-0891,2024-07-20,1,40.95,17.44,40.95,530,Low Value
CUST-0892,2025-04-18,6,7345.860000000001,2613.88,1224.3100000000002,258,High Value
CUST-0893,2024-11-18,4,2271.46,568.72,567.865,409,Low Value
CUST-0894,2025-11-16,5,8399.86,2489.4700000000003,1679.9720000000002,46,High Value
CUST-0895,2023-11-29,2,643.77,181.76999999999998,321.885,764,Low Value
CUST-0896,2025-10-18,9,8947.8,2783.08,994.1999999999999,75,VIP
CUST-0897,2025-04-03,3,1418.3200000000002,541.8,472.77333333333337,273,Low Value
CUST-0898,2025-10-22,7,9164.5,3562.36,1309.2142857142858,71,VIP
CUST-0899,2025-12-27,6,8508.82,2903.38,1418.1366666666665,5,High Value
CUST-0900,2024-12-19,2,438.23,123.06,219.115,378,Low Value
CUST-0901,2025-11-03,7,7859.83,2758.0299999999997,1122.8328571428572,59,High Value
CUST-0902,2025-03-25,4,3710.67,1380.31,927.6675,282,Medium Value
CUST-0903,2025-09-08,6,7190.73,1519.07,1198.455,115,High Value
CUST-0904,2025-11-11,5,5876.38,2296.42,1175.276,51,High Value
CUST-0905,2025-11-08,6,12536.94,4225.72,2089.4900000000002,54,VIP
CUST-0906,2025-11-20,2,691.03,179.09,345.515,42,Low Value
CUST-0907,2025-09-21,4,2850.19,764.3500000000001,712.5475,102,Low Value
CUST-0908,2025-10-09,6,6432.81,2272.3199999999997,1072.135,84,High Value
CUST-0909,2025-07-28,4,4232.84,1057.76,1058.21,157,Medium Value
CUST-0910,2025-08-09,10,7014.14,2089.19,701.414,145,High Value
CUST-0911,2025-12-17,11,15526.49,5055.18,1411.499090909091,15,VIP
CUST-0912,2025-08-06,7,11919.11,4487.87,1702.73,148,VIP
CUST-0913,2025-08-01,2,1710.04,686.1899999999999,855.02,153,Low Value
CUST-0914,2025-10-03,4,2952.4500000000003,923.8199999999999,738.1125000000001,90,Medium Value
CUST-0915,2025-10-13,6,12875.34,3403.21,2145.89,80,VIP
CUST-0916,2025-06-22,4,1670.0099999999998,624.5500000000001,417.50249999999994,193,Low Value
CUST-0917,2025-08-24,12,11236.84,3365.99,936.4033333333333,130,VIP
CUST-0918,2025-11-21,7,5545.969999999999,2128.06,792.2814285714285,41,High Value
CUST-0919,2025-12-22,5,1237.58,437.02,247.516,10,Low Value
CUST-0920,2025-11-23,4,10468.630000000001,3516.97,2617.1575000000003,39,VIP
CUST-0921,2025-04-04,7,16136.09,5542.36,2305.155714285714,272,VIP
CUST-0922,2023-08-19,1,41.97,14.97,41.97,866,Low Value
CUST-0923,2025-12-31,4,4988.030000000001,1514.51,1247.0075000000002,1,Medium Value
CUST-0924,2025-01-29,4,2414.12,860.88,603.53,337,Low Value
CUST-0925,2024-12-27,2,1903.92,392.03999999999996,951.96,370,Low Value
CUST-0926,2024-09-11,3,760.0400000000001,234.26,253.3466666666667,477,Low Value
CUST-0927,2024-08-12,4,4414.82,1188.97,1103.705,507,Medium Value
CUST-0928,2025-12-06,5,14998.49,3578.58,2999.698,26,VIP
CUST-0929,2025-11-14,9,9447.39,2324.22,1049.71,48,VIP
CUST-0930,2025-10-18,5,15937.699999999999,5265.030000000001,3187.54,75,VIP
CUST-0931,2025-03-16,4,9563.35,2505.73,2390.8375,291,VIP
CUST-0932,2025-11-15,5,4589.7699999999995,1950.4199999999998,917.954,47,Medium Value
CUST-0933,2025-05-29,6,14539.97,4153.91,2423.3283333333334,217,VIP
CUST-0934,2025-02-17,8,7646.4400000000005,3057.08,955.8050000000001,318,High Value
CUST-0935,2024-09-25,4,5909.459999999999,1657.7300000000002,1477.3649999999998,463,High Value
CUST-0936,2025-11-20,6,11061.25,3810.92,1843.5416666666667,42,VIP
CUST-0937,2025-04-26,4,5472.5,1540.05,1368.125,250,High Value
CUST-0938,2025-12-18,6,1820.94,564.91,303.49,14,Low Value
CUST-0939,2025-05-03,5,6623.7699999999995,2273.64,1324.754,243,High Value
CUST-0940,2024-11-23,3,6347.01,1534.65,2115.67,404,High Value
CUST-0941,2025-09-10,4,7915.47,2327.92,1978.8675,113,High Value
CUST-0942,2025-01-05,3,2062.87,615.22,687.6233333333333,361,Low Value
CUST-0943,2024-10-04,3,2811.5699999999997,925.9499999999999,937.1899999999999,454,Low Value
CUST-0944,2025-12-14,9,22546.329999999998,6922.19,2505.1477777777777,18,VIP
CUST-0945,2025-09-15,6,10999.8,2766.87,1833.3,108,VIP
CUST-0946,2025-08-09,3,2781.59,1152.51,927.1966666666667,145,Low Value
CUST-0947,2025-06-06,6,9956.55,3935.8100000000004,1659.425,209,VIP
CUST-0948,2025-12-26,6,3155.25,786.58,525.875,6,Medium Value
CUST-0949,2023-06-01,2,1726.8600000000001,358.33000000000004,863.4300000000001,945,Low Value
CUST-0950,2025-11-04,3,2187.0299999999997,827.95,729.0099999999999,58,Low Value
CUST-0951,2025-06-28,6,8358.880000000001,2421.32,1393.1466666666668,187,High Value
CUST-0952,2025-04-22,6,6788.4800000000005,1657.3999999999999,1131.4133333333334,254,High Value
CUST-0953,2025-09-20,8,11968.02,3342.6,1496.0025,103,VIP
CUST-0954,2025-07-15,5,4987.36,1883.2500000000002,997.472,170,Medium Value
CUST-0955,2024-12-30,4,2128.23,553.0600000000001,532.0575,367,Low Value
CUST-0956,2025-01-06,5,10928.59,2954.83,2185.718,360,VIP
CUST-0957,2024-04-05,3,1234.78,382.82,411.5933333333333,636,Low Value
CUST-0958,2023-08-30,2,1554.2,513.37,777.1,855,Low Value
CUST-0959,2025-07-22,6,10186.52,2423.94,1697.7533333333333,163,VIP
CUST-0960,2023-12-21,2,2414.51,824.45,1207.255,742,Low Value
CUST-0961,2025-10-25,5,8240.62,3336.61,1648.1240000000003,68,High Value
CUST-0962,2025-08-07,5,3926.7599999999998,1240.02,785.352,147,Medium Value
CUST-0963,2025-10-09,5,3331.23,799.15,666.246,84,Medium Value
CUST-0964,2025-12-13,7,3247.06,1068.21,463.86571428571426,19,Medium Value
CUST-0965,2025-08-21,4,4610.3,1727.22,1152.575,133,Medium Value
CUST-0966,2024-01-30,4,2754.9,882.92,688.725,702,Low Value
CUST-0967,2024-12-29,4,8404.73,2913.67,2101.1825,368,High Value
CUST-0968,2025-06-29,1,2735.46,708.38,2735.46,186,Low Value
CUST-0969,2025-07-18,6,10637.34,3788.06,1772.89,167,VIP
CUST-0970,2025-10-18,6,1725.27,557.57,287.545,75,Low Value
CUST-0971,2025-06-18,5,2235.09,604.3199999999999,447.01800000000003,197,Low Value
CUST-0972,2024-09-03,2,4285.42,1264.3799999999999,2142.71,485,Medium Value
CUST-0973,2025-10-27,7,14791.67,4699.69,2113.095714285714,66,VIP
CUST-0974,2025-12-28,7,7770.73,2327.62,1110.1042857142857,4,High Value
CUST-0975,2024-08-11,4,927.08,250.98000000000002,231.77,508,Low Value
CUST-0976,2025-01-02,6,8860.03,2502.01,1476.6716666666669,364,High Value
CUST-0977,2025-05-27,4,3761.08,1419.3799999999999,940.27,219,Medium Value
CUST-0978,2025-07-03,6,3154.4300000000003,729.91,525.7383333333333,182,Medium Value
CUST-0979,2025-12-13,3,6278.38,1410.1200000000001,2092.7933333333335,19,High Value
CUST-0980,2025-03-21,6,8434.52,2315.71,1405.7533333333333,286,High Value
CUST-0981,2025-12-22,3,10680.9,2686.45,3560.2999999999997,10,VIP
CUST-0982,2025-08-29,5,10745.06,3418.24,2149.0119999999997,125,VIP
CUST-0983,2025-11-10,10,17744.769999999997,5805.219999999999,1774.4769999999996,52,VIP
CUST-0984,2025-08-30,4,2525.3599999999997,702.03,631.3399999999999,124,Low Value
CUST-0985,2025-02-28,3,3209.3199999999997,1305.28,1069.7733333333333,307,Medium Value
CUST-0986,2025-09-24,4,4598.8,1896.6399999999999,1149.7,99,Medium Value
CUST-0987,2025-12-11,10,15217.79,4441.45,1521.779,21,VIP
CUST-0988,2025-07-14,7,4599.26,1256.16,657.0371428571428,171,Medium Value
CUST-0989,2023-10-22,4,4328.02,1558.45,1082.005,802,Medium Value
CUST-0990,2025-08-16,5,10863.889999999998,3111.5600000000004,2172.7779999999993,138,VIP
CUST-0991,2025-05-25,5,8431.039999999999,2530.0699999999997,1686.2079999999999,221,High Value
CUST-0992,2025-07-08,8,14332.42,4119.47,1791.5525,177,VIP
CUST-0993,2025-09-20,7,9363.94,2345.06,1337.7057142857143,103,VIP
CUST-0994,2025-06-28,3,9969.81,3383.13,3323.27,187,VIP
CUST-0995,2024-04-13,4,5041.21,1153.16,1260.3025,628,Medium Value
CUST-0996,2025-12-31,4,10279.189999999999,3414.36,2569.7974999999997,1,VIP
CUST-0997,2025-07-11,5,8103.41,2743.01,1620.682,174,High Value
CUST-0998,2025-07-19,4,2325.24,703.74,581.31,166,Low Value
CUST-0999,2025-09-28,3,640.14,173.44,213.38,95,Low Value
CUST-1000,2025-09-03,4,3587.22,864.38,896.805,120,Medium Value
